{
  "canBreak": true,
  "hideCloud": true,
  "scene": [
    {
      "class": "Entity",
      "config": "myplugin/e61e9cb3-2e59-4e86-93b7-1f86bc8594cd",
      "properties": {
        "id": "8511780589419102209",
        "name": "pizzaHouse",
        "position": "x:31.721343994141 y:53.0 z:7.7661428451538",
        "rotation": "x:0 y:0 z:0",
        "scale": "x:1 y:1 z:1"
      }
    },
    {
      "class": "Entity",
      "config": "myplugin/f292b5df-120b-46ca-b241-4d11ab6f7a99",
      "properties": {
        "id": "8511787310162378753",
        "name": "pizzaNPC",
        "position": "x:30.931625366211 y:53.4 z:14.19277381897",
        "rotation": "x:0 y:0 z:0",
        "scale": "x:1 y:1 z:1"
      }
    },
    {
      "class": "Entity",
      "config": "myplugin/7a84edf1-728c-43b7-a7d6-34171ece85bf",
      "properties": {
        "id": "8511792154511179777",
        "name": "house",
        "position": "x:21.36067199707 y:52.982437133789 z:42.038925170898",
        "rotation": "x:0 y:0 z:0",
        "scale": "x:1 y:1 z:1"
      }
    },
    {
      "class": "Entity",
      "config": "myplugin/7a84edf1-728c-43b7-a7d6-34171ece85bf",
      "properties": {
        "id": "8511792366560329729",
        "name": "house",
        "position": "x:8.4078512191772 y:53.000007629395 z:27.680166244507",
        "rotation": "x:0 y:0 z:0",
        "scale": "x:1 y:1 z:1"
      }
    },
    {
      "class": "Entity",
      "config": "myplugin/7a84edf1-728c-43b7-a7d6-34171ece85bf",
      "properties": {
        "id": "8511792537133350913",
        "name": "house",
        "position": "x:11.233024597168 y:53.0 z:53.893852233887",
        "rotation": "x:0 y:0 z:0",
        "scale": "x:1 y:1 z:1"
      }
    },
    {
      "class": "Entity",
      "config": "myplugin/7a84edf1-728c-43b7-a7d6-34171ece85bf",
      "properties": {
        "id": "8511792710105006081",
        "name": "house",
        "position": "x:36.105281829834 y:53.000289916992 z:51.808876037598",
        "rotation": "x:0 y:180.0 z:0",
        "scale": "x:1 y:1 z:1"
      }
    }
  ],
  "skyBox": [
    {
      "texture": [
        "@asset/Texture/SkyBox/Common2/Sky03_right.png",
        "@asset/Texture/SkyBox/Common2/Sky03_left.png",
        "@asset/Texture/SkyBox/Common2/Sky03_top.png",
        "@asset/Texture/SkyBox/Common2/Sky03_bottom.png",
        "@asset/Texture/SkyBox/Common2/Sky03_back.png",
        "@asset/Texture/SkyBox/Common2/Sky03_front.png"
      ]
    }
  ],
  "skyBoxRotate": {
    "x": 0,
    "y": 0,
    "z": 0
  },
  "skyBoxTexPixFmt": "RGBA8",
  "skyBoxTexSize": 512,
  "touchPosY": {
    "touchdownPosY": -30.0,
    "touchupPosY": 600
  }
}