{
  "_clientScript": [],
  "_serverScript": [],
  "actorGirlName": "empty.actor",
  "actorName": "asset/pizzaHouse/g2020_house_pizza.actor",
  "autoMove": false,
  "autoRotateColliderBox": true,
  "avoidCliff": true,
  "avoidCliffHight": 5,
  "canClick": false,
  "canHurtMove": true,
  "canJump": true,
  "canMove": true,
  "canPickOnDie": false,
  "canTurnHead": false,
  "castRealShadowAtFirstPRV": false,
  "checkPartTouchEvent": true,
  "clickDistance": 4,
  "collider": {
    "extent": {
      "x": 10,
      "y": 10,
      "z": 5
    },
    "offset": {
      "x": 0,
      "y": 0,
      "z": 0
    },
    "rotation": {
      "x": 0,
      "y": 0,
      "z": 0
    },
    "type": "Box"
  },
  "collision": true,
  "damage": 0,
  "deathHideTime": 20,
  "destroyTime": 0,
  "disableShadow": true,
  "disableShadowAtFirstPRV": true,
  "dropDamageRatio": 0,
  "dropDamageStart": 1.5,
  "enableAI": false,
  "equipTrays": [],
  "eyeHeight": 1.62,
  "followEntityDistanceWhenHasTarget": 10,
  "followEntityDistanceWhenNotTarget": 5,
  "gravity": 0.08,
  "headPic": "",
  "hideHolder": false,
  "hideHp": 1,
  "hideName": true,
  "homeSize": 10,
  "hpBarColor": 4294967551.0,
  "hpBarHeight": 0.2,
  "hpBarWidth": 1,
  "hurtResistantTime": 0,
  "isAIGoHomePos": true,
  "isPlayer": false,
  "jumpHeight": 0.6,
  "jumpSpeed": 0.5,
  "maxHp": 20,
  "meetCliffBackRun": true,
  "moveAcc": 0.2,
  "moveFactor": 1,
  "moveSpeed": 0.2,
  "name": "entity_e61e9cb3-2e59-4e86-93b7-1f86bc8594cd",
  "needCheckTouch": true,
  "randomPlayDeadActions": [
    ""
  ],
  "reachDistance": 6.5,
  "setFollowWhenCreate": true,
  "skills": [],
  "stepHeight": 0.6,
  "swimSpeed": 0.2,
  "textHeight": 2.3,
  "unassailable": 0,
  "undamageable": 0,
  "waterline": 0
}