{
  "breakTime": 20,
  "canClick": false,
  "candrop": false,
  "canSwim": false,
  "climbSpeed": 0.0,
  "collisionBoxes": [
    {
      "__OBJ_TYPE": "Box",
      "max": {
        "__OBJ_TYPE": "Vector3",
        "x": 0.75,
        "y": 1,
        "z": 0.75
      },
      "min": {
        "__OBJ_TYPE": "Vector3",
        "x": 0.25,
        "y": 0,
        "z": 0.25
      }
    }
  ],
  "defaultTexture": "@asset/Texture/Block/cobblestone_cobblestone_wall_0.png",
  "dropCount": 1,
  "dropSelf": false,
  "fall": false,
  "isOpaqueFullCube": false,
  "lightOpacity": 15,
  "maxFallSpeed": 1.5,
  "maxSpeed": 500.0,
  "quads": [
    {
      "pos": [
        {
          "x": 0.25,
          "y": 1,
          "z": 0.75
        },
        {
          "x": 0.25,
          "y": 0,
          "z": 0.75
        },
        {
          "x": 0.75,
          "y": 0,
          "z": 0.75
        },
        {
          "x": 0.75,
          "y": 1,
          "z": 0.75
        }
      ]
    },
    {
      "pos": [
        {
          "x": 0.75,
          "y": 1,
          "z": 0.75
        },
        {
          "x": 0.75,
          "y": 0,
          "z": 0.75
        },
        {
          "x": 0.75,
          "y": 0,
          "z": 0.25
        },
        {
          "x": 0.75,
          "y": 1,
          "z": 0.25
        }
      ]
    },
    {
      "pos": [
        {
          "x": 0.75,
          "y": 1,
          "z": 0.25
        },
        {
          "x": 0.75,
          "y": 0,
          "z": 0.25
        },
        {
          "x": 0.25,
          "y": 0,
          "z": 0.25
        },
        {
          "x": 0.25,
          "y": 1,
          "z": 0.25
        }
      ]
    },
    {
      "pos": [
        {
          "x": 0.25,
          "y": 1,
          "z": 0.25
        },
        {
          "x": 0.25,
          "y": 0,
          "z": 0.25
        },
        {
          "x": 0.25,
          "y": 0,
          "z": 0.75
        },
        {
          "x": 0.25,
          "y": 1,
          "z": 0.75
        }
      ]
    },
    {
      "pos": [
        {
          "x": 0.25,
          "y": 1,
          "z": 0.25
        },
        {
          "x": 0.25,
          "y": 1,
          "z": 0.75
        },
        {
          "x": 0.75,
          "y": 1,
          "z": 0.75
        },
        {
          "x": 0.75,
          "y": 1,
          "z": 0.25
        }
      ]
    },
    {
      "pos": [
        {
          "x": 0.25,
          "y": 0,
          "z": 0.75
        },
        {
          "x": 0.25,
          "y": 0,
          "z": 0.25
        },
        {
          "x": 0.75,
          "y": 0,
          "z": 0.25
        },
        {
          "x": 0.75,
          "y": 0,
          "z": 0.75
        }
      ]
    }
  ],
  "recycle": false,
  "recycleTime": 20,
  "spring": 0,
  "texture": [
    "",
    "",
    "",
    "",
    "",
    ""
  ]
}